sample,scenario,biomass_frac,baseline_biomass,target,metabolite_id,demand_rxn_id,functional_value,status
TumorEdge,TME_edge,0.8,1.1064733223763932,ATP,MAM01371e,MAR00569,5.905801358184,optimal
TumorEdge,TME_edge,0.8,1.1064733223763932,AMP,MAM01334e,MAR09262,5.905801358184,optimal
TumorEdge,TME_edge,0.8,1.1064733223763932,IMP,MAM02167e,MAR09360,5.905801358184,optimal
TumorEdge,TME_edge,0.8,1.1064733223763932,GMP,MAM01433e,MAR09220,5.905801358184,optimal
TumorEdge,TME_edge,0.8,1.1064733223763932,UMP,MAM03114e,MAR09436,5.905801358184,optimal
TumorEdge,TME_edge,0.8,1.1064733223763932,CTP,MAM01623e,MAR01873,5.905801358184,optimal
