sample,scenario,biomass_frac,baseline_biomass,target,metabolite_id,demand_rxn_id,functional_value,status
TumorCore,TME_core,0.8,1.1495618277187407,ATP,MAM01371e,MAR00569,6.13578625544878,optimal
TumorCore,TME_core,0.8,1.1495618277187407,AMP,MAM01334e,MAR09262,6.13578625544878,optimal
TumorCore,TME_core,0.8,1.1495618277187407,IMP,MAM02167e,MAR09360,6.13578625544878,optimal
TumorCore,TME_core,0.8,1.1495618277187407,GMP,MAM01433e,MAR09220,6.13578625544878,optimal
TumorCore,TME_core,0.8,1.1495618277187407,UMP,MAM03114e,MAR09436,6.13578625544878,optimal
TumorCore,TME_core,0.8,1.1495618277187407,CTP,MAM01623e,MAR01873,6.13578625544878,optimal
